Applicable At,Applicable For,Data Item,Value,Generated Time,Quality Indicator,
31/12/2022 15:00,31/12/2022,LNG Stock Level,7102.6142,31/12/2022 15:56,,
30/12/2022 15:00,30/12/2022,LNG Stock Level,7443.4205,30/12/2022 15:56,,
29/12/2022 15:00,29/12/2022,LNG Stock Level,8096.0336,29/12/2022 15:56,,
28/12/2022 15:00,28/12/2022,LNG Stock Level,9120.3867,28/12/2022 15:56,,
27/12/2022 15:00,27/12/2022,LNG Stock Level,8990.3835,27/12/2022 15:56,,
26/12/2022 15:00,26/12/2022,LNG Stock Level,8971.261,26/12/2022 15:56,,
25/12/2022 15:00,25/12/2022,LNG Stock Level,9555.8265,25/12/2022 15:56,,
24/12/2022 15:00,24/12/2022,LNG Stock Level,9589.6228,24/12/2022 15:56,,
23/12/2022 15:00,23/12/2022,LNG Stock Level,9293.0799,23/12/2022 15:56,,
22/12/2022 15:00,22/12/2022,LNG Stock Level,8066.9283,22/12/2022 15:56,,
21/12/2022 15:00,21/12/2022,LNG Stock Level,7129.4674,21/12/2022 15:56,,
20/12/2022 15:00,20/12/2022,LNG Stock Level,7407.1608,20/12/2022 15:56,,
19/12/2022 15:00,19/12/2022,LNG Stock Level,8709.6951,19/12/2022 15:56,,
18/12/2022 15:00,18/12/2022,LNG Stock Level,8578.3089,18/12/2022 15:56,,
17/12/2022 15:00,17/12/2022,LNG Stock Level,8760.6593,17/12/2022 15:56,,
16/12/2022 15:00,16/12/2022,LNG Stock Level,8228.5101,16/12/2022 15:56,,
15/12/2022 15:00,15/12/2022,LNG Stock Level,7985.6267,15/12/2022 15:56,,
14/12/2022 15:00,14/12/2022,LNG Stock Level,7850.8474,14/12/2022 15:56,,
13/12/2022 15:00,13/12/2022,LNG Stock Level,8593.2805,13/12/2022 15:56,,
12/12/2022 15:00,12/12/2022,LNG Stock Level,8707.8293,12/12/2022 15:56,,
11/12/2022 15:00,11/12/2022,LNG Stock Level,7826.0718,11/12/2022 15:56,,
10/12/2022 15:00,10/12/2022,LNG Stock Level,8458.7749,10/12/2022 15:56,,
09/12/2022 15:00,09/12/2022,LNG Stock Level,8596.3218,09/12/2022 15:56,,
08/12/2022 15:00,08/12/2022,LNG Stock Level,9097.5805,08/12/2022 15:56,,
07/12/2022 15:00,07/12/2022,LNG Stock Level,8297.3086,07/12/2022 15:56,,
06/12/2022 15:00,06/12/2022,LNG Stock Level,8462.0393,06/12/2022 15:56,,
05/12/2022 15:00,05/12/2022,LNG Stock Level,9015.1109,05/12/2022 15:56,,
04/12/2022 15:00,04/12/2022,LNG Stock Level,9413.029,04/12/2022 15:56,,
03/12/2022 15:00,03/12/2022,LNG Stock Level,8687.5807,03/12/2022 15:56,,
02/12/2022 15:00,02/12/2022,LNG Stock Level,9022.399,02/12/2022 15:56,,
01/12/2022 15:00,01/12/2022,LNG Stock Level,8980.7816,01/12/2022 15:56,,
30/11/2022 15:00,30/11/2022,LNG Stock Level,7402.1802,30/11/2022 15:56,,
29/11/2022 15:00,29/11/2022,LNG Stock Level,8522.595,29/11/2022 15:56,,
28/11/2022 15:00,28/11/2022,LNG Stock Level,9654.4007,28/11/2022 15:56,,
27/11/2022 15:00,27/11/2022,LNG Stock Level,9493.7197,27/11/2022 15:56,,
26/11/2022 15:00,26/11/2022,LNG Stock Level,9150.761,26/11/2022 15:56,,
25/11/2022 15:00,25/11/2022,LNG Stock Level,7750.7579,25/11/2022 15:56,,
24/11/2022 15:00,24/11/2022,LNG Stock Level,8588.298,24/11/2022 15:56,,
23/11/2022 15:00,23/11/2022,LNG Stock Level,8476.487,23/11/2022 15:56,,
22/11/2022 15:00,22/11/2022,LNG Stock Level,9052.5753,22/11/2022 15:56,,
21/11/2022 15:00,21/11/2022,LNG Stock Level,8299.8506,21/11/2022 15:56,,
20/11/2022 15:00,20/11/2022,LNG Stock Level,8194.2967,20/11/2022 15:56,,
19/11/2022 15:00,19/11/2022,LNG Stock Level,7539.9181,19/11/2022 15:56,,
18/11/2022 15:00,18/11/2022,LNG Stock Level,7625.0069,18/11/2022 15:56,,
17/11/2022 15:00,17/11/2022,LNG Stock Level,8108.8843,17/11/2022 15:56,,
16/11/2022 15:00,16/11/2022,LNG Stock Level,8241.6775,16/11/2022 15:56,,
15/11/2022 15:00,15/11/2022,LNG Stock Level,8466.6139,15/11/2022 15:56,,
14/11/2022 15:00,14/11/2022,LNG Stock Level,8100.233,14/11/2022 15:56,,
13/11/2022 15:00,13/11/2022,LNG Stock Level,7805.5383,13/11/2022 15:56,,
12/11/2022 15:00,12/11/2022,LNG Stock Level,7968.6356,12/11/2022 15:56,,
11/11/2022 15:00,11/11/2022,LNG Stock Level,8544.3089,11/11/2022 15:56,,
10/11/2022 15:00,10/11/2022,LNG Stock Level,8360.4465,10/11/2022 15:56,,
09/11/2022 15:00,09/11/2022,LNG Stock Level,9277.5483,09/11/2022 15:56,,
08/11/2022 15:00,08/11/2022,LNG Stock Level,9068.379,08/11/2022 15:56,,
07/11/2022 15:00,07/11/2022,LNG Stock Level,9767.2562,07/11/2022 15:56,,
06/11/2022 15:00,06/11/2022,LNG Stock Level,9190.4252,06/11/2022 15:56,,
05/11/2022 15:00,05/11/2022,LNG Stock Level,9916.2586,05/11/2022 15:56,,
04/11/2022 15:00,04/11/2022,LNG Stock Level,10180.6611,04/11/2022 15:56,,
03/11/2022 15:00,03/11/2022,LNG Stock Level,11087.4526,03/11/2022 15:56,,
02/11/2022 15:00,02/11/2022,LNG Stock Level,10578.0201,02/11/2022 15:56,,
01/11/2022 15:00,01/11/2022,LNG Stock Level,11076.4886,01/11/2022 15:56,,
31/10/2022 15:00,31/10/2022,LNG Stock Level,11733.6479,31/10/2022 15:56,,
30/10/2022 15:00,30/10/2022,LNG Stock Level,11098.5371,30/10/2022 15:56,,
29/10/2022 15:00,29/10/2022,LNG Stock Level,11450.6092,29/10/2022 15:56,,
28/10/2022 15:00,28/10/2022,LNG Stock Level,10985.5147,28/10/2022 15:56,,
27/10/2022 15:00,27/10/2022,LNG Stock Level,10644.9174,27/10/2022 15:56,,
26/10/2022 15:00,26/10/2022,LNG Stock Level,11188.4495,26/10/2022 15:56,,
25/10/2022 15:00,25/10/2022,LNG Stock Level,11837.6468,25/10/2022 15:56,,
24/10/2022 15:00,24/10/2022,LNG Stock Level,11004.5827,24/10/2022 15:56,,
23/10/2022 15:00,23/10/2022,LNG Stock Level,10314.6582,23/10/2022 15:56,,
22/10/2022 15:00,22/10/2022,LNG Stock Level,10452.1909,22/10/2022 15:56,,
21/10/2022 15:00,21/10/2022,LNG Stock Level,9499.6058,21/10/2022 15:56,,
20/10/2022 15:00,20/10/2022,LNG Stock Level,9122.6523,20/10/2022 15:56,,
19/10/2022 15:00,19/10/2022,LNG Stock Level,10052.9481,19/10/2022 15:56,,
18/10/2022 15:00,18/10/2022,LNG Stock Level,9585.3455,18/10/2022 15:56,,
17/10/2022 15:00,17/10/2022,LNG Stock Level,9916.0672,17/10/2022 15:56,,
16/10/2022 15:00,16/10/2022,LNG Stock Level,10370.8955,16/10/2022 15:56,,
15/10/2022 15:00,15/10/2022,LNG Stock Level,9431.6261,15/10/2022 15:56,,
14/10/2022 15:00,14/10/2022,LNG Stock Level,8847.0409,14/10/2022 15:56,,
13/10/2022 15:00,13/10/2022,LNG Stock Level,9538.3252,13/10/2022 15:56,,
12/10/2022 15:00,12/10/2022,LNG Stock Level,10340.6669,12/10/2022 15:56,,
11/10/2022 15:00,11/10/2022,LNG Stock Level,10811.9203,11/10/2022 15:56,,
10/10/2022 15:38,10/10/2022,LNG Stock Level,9695.1723,10/10/2022 15:56,,
09/10/2022 15:00,09/10/2022,LNG Stock Level,9036.5967,09/10/2022 15:56,,
08/10/2022 15:00,08/10/2022,LNG Stock Level,8663.7184,08/10/2022 15:56,,
07/10/2022 15:00,07/10/2022,LNG Stock Level,9543.6989,07/10/2022 15:56,,
06/10/2022 15:00,06/10/2022,LNG Stock Level,9822.0306,06/10/2022 15:56,,
05/10/2022 15:00,05/10/2022,LNG Stock Level,10344.8571,05/10/2022 15:56,,
04/10/2022 15:00,04/10/2022,LNG Stock Level,11061.1209,04/10/2022 15:56,,
03/10/2022 15:00,03/10/2022,LNG Stock Level,10938.9165,03/10/2022 15:56,,
02/10/2022 15:00,02/10/2022,LNG Stock Level,10335.862,02/10/2022 15:56,,
01/10/2022 15:00,01/10/2022,LNG Stock Level,9724.3063,01/10/2022 15:56,,
30/09/2022 15:00,30/09/2022,LNG Stock Level,7908.071,30/09/2022 15:56,,
29/09/2022 15:00,29/09/2022,LNG Stock Level,7282.9366,29/09/2022 15:56,,
28/09/2022 15:00,28/09/2022,LNG Stock Level,7775.6096,28/09/2022 15:56,,
27/09/2022 15:00,27/09/2022,LNG Stock Level,7476.186,27/09/2022 15:56,,
26/09/2022 15:00,26/09/2022,LNG Stock Level,8492.3494,26/09/2022 15:56,,
25/09/2022 15:00,25/09/2022,LNG Stock Level,8327.2248,25/09/2022 15:56,,
24/09/2022 15:00,24/09/2022,LNG Stock Level,7733.9817,24/09/2022 15:56,,
23/09/2022 15:00,23/09/2022,LNG Stock Level,8005.6096,23/09/2022 15:56,,
22/09/2022 15:00,22/09/2022,LNG Stock Level,7114.2489,22/09/2022 15:56,,
21/09/2022 15:00,21/09/2022,LNG Stock Level,6782.3677,21/09/2022 15:56,,
20/09/2022 15:00,20/09/2022,LNG Stock Level,7555.9381,20/09/2022 15:56,,
19/09/2022 15:00,19/09/2022,LNG Stock Level,7513.5542,19/09/2022 15:56,,
18/09/2022 15:00,18/09/2022,LNG Stock Level,7793.6389,18/09/2022 15:56,,
17/09/2022 15:00,17/09/2022,LNG Stock Level,8352.1824,17/09/2022 15:56,,
16/09/2022 15:00,16/09/2022,LNG Stock Level,8932.5479,16/09/2022 15:56,,
15/09/2022 15:00,15/09/2022,LNG Stock Level,9572.2732,15/09/2022 15:56,,
14/09/2022 15:00,14/09/2022,LNG Stock Level,10184.3564,14/09/2022 15:56,,
13/09/2022 15:00,13/09/2022,LNG Stock Level,10780.3939,13/09/2022 15:56,,
12/09/2022 15:00,12/09/2022,LNG Stock Level,10052.7272,12/09/2022 15:56,,
11/09/2022 15:00,11/09/2022,LNG Stock Level,9670.8927,11/09/2022 15:56,,
10/09/2022 15:00,10/09/2022,LNG Stock Level,9785.1097,10/09/2022 15:56,,
09/09/2022 15:00,09/09/2022,LNG Stock Level,8375.9242,09/09/2022 15:56,,
08/09/2022 15:00,08/09/2022,LNG Stock Level,8253.2575,08/09/2022 15:56,,
07/09/2022 15:00,07/09/2022,LNG Stock Level,8471.2551,07/09/2022 15:56,,
06/09/2022 15:00,06/09/2022,LNG Stock Level,9009.4292,06/09/2022 15:56,,
05/09/2022 15:00,05/09/2022,LNG Stock Level,8788.58,05/09/2022 15:56,,
04/09/2022 15:00,04/09/2022,LNG Stock Level,9088.5525,04/09/2022 15:56,,
03/09/2022 15:00,03/09/2022,LNG Stock Level,9210.827,03/09/2022 15:56,,
02/09/2022 15:00,02/09/2022,LNG Stock Level,8110.6173,02/09/2022 15:56,,
01/09/2022 15:00,01/09/2022,LNG Stock Level,8646.7486,01/09/2022 15:56,,
31/08/2022 15:00,31/08/2022,LNG Stock Level,9177.8598,31/08/2022 15:56,,
30/08/2022 15:00,30/08/2022,LNG Stock Level,7294.0319,30/08/2022 15:56,,
29/08/2022 15:00,29/08/2022,LNG Stock Level,7743.4811,29/08/2022 15:56,,
28/08/2022 15:00,28/08/2022,LNG Stock Level,8219.4868,28/08/2022 15:56,,
27/08/2022 15:00,27/08/2022,LNG Stock Level,8697.7759,27/08/2022 15:56,,
26/08/2022 15:00,26/08/2022,LNG Stock Level,9292.7971,26/08/2022 15:56,,
25/08/2022 15:00,25/08/2022,LNG Stock Level,9786.0027,25/08/2022 15:56,,
24/08/2022 15:00,24/08/2022,LNG Stock Level,9085.9647,24/08/2022 15:56,,
23/08/2022 15:00,23/08/2022,LNG Stock Level,9559.2446,23/08/2022 15:56,,
22/08/2022 15:00,22/08/2022,LNG Stock Level,9367.1071,22/08/2022 15:56,,
21/08/2022 15:00,21/08/2022,LNG Stock Level,9280.0722,21/08/2022 15:56,,
20/08/2022 15:00,20/08/2022,LNG Stock Level,8580.9195,20/08/2022 15:56,,
19/08/2022 15:00,19/08/2022,LNG Stock Level,9061.1742,19/08/2022 15:56,,
18/08/2022 15:00,18/08/2022,LNG Stock Level,9213.134,18/08/2022 15:56,,
17/08/2022 15:00,17/08/2022,LNG Stock Level,8453.3807,17/08/2022 15:56,,
16/08/2022 15:00,16/08/2022,LNG Stock Level,8713.5436,16/08/2022 15:56,,
15/08/2022 15:00,15/08/2022,LNG Stock Level,8836.9461,15/08/2022 15:56,,
14/08/2022 15:00,14/08/2022,LNG Stock Level,8501.6568,14/08/2022 15:56,,
13/08/2022 15:00,13/08/2022,LNG Stock Level,8837.353,13/08/2022 15:56,,
12/08/2022 15:00,12/08/2022,LNG Stock Level,9176.5701,12/08/2022 15:56,,
11/08/2022 15:00,11/08/2022,LNG Stock Level,9597.1434,11/08/2022 15:56,,
10/08/2022 15:00,10/08/2022,LNG Stock Level,8148.1836,10/08/2022 15:56,,
09/08/2022 15:00,09/08/2022,LNG Stock Level,8473.1896,09/08/2022 15:56,,
08/08/2022 15:00,08/08/2022,LNG Stock Level,8804.0541,08/08/2022 15:56,,
07/08/2022 15:00,07/08/2022,LNG Stock Level,9210.2837,07/08/2022 15:56,,
06/08/2022 15:00,06/08/2022,LNG Stock Level,8615.3471,06/08/2022 15:56,,
05/08/2022 15:00,05/08/2022,LNG Stock Level,9126.9415,05/08/2022 15:56,,
04/08/2022 15:00,04/08/2022,LNG Stock Level,9355.0876,04/08/2022 15:56,,
03/08/2022 15:00,03/08/2022,LNG Stock Level,9685.0373,03/08/2022 15:56,,
02/08/2022 15:00,02/08/2022,LNG Stock Level,9627.5053,02/08/2022 15:56,,
01/08/2022 15:00,01/08/2022,LNG Stock Level,8511.4775,01/08/2022 15:56,,
31/07/2022 15:00,31/07/2022,LNG Stock Level,8765.0237,31/07/2022 15:56,,
30/07/2022 15:00,30/07/2022,LNG Stock Level,9024.9727,30/07/2022 15:56,,
29/07/2022 15:00,29/07/2022,LNG Stock Level,9294.866,29/07/2022 15:56,,
28/07/2022 15:00,28/07/2022,LNG Stock Level,9561.3438,28/07/2022 15:56,,
27/07/2022 15:00,27/07/2022,LNG Stock Level,9824.6316,27/07/2022 15:56,,
26/07/2022 15:00,26/07/2022,LNG Stock Level,10084.737,26/07/2022 15:56,,
25/07/2022 15:00,25/07/2022,LNG Stock Level,9351.8311,25/07/2022 15:56,,
24/07/2022 15:00,24/07/2022,LNG Stock Level,9155.3095,24/07/2022 15:56,,
23/07/2022 15:00,23/07/2022,LNG Stock Level,9403.0543,23/07/2022 15:56,,
22/07/2022 15:00,22/07/2022,LNG Stock Level,9697.2334,22/07/2022 15:56,,
21/07/2022 15:00,21/07/2022,LNG Stock Level,9033.9526,21/07/2022 15:56,,
20/07/2022 15:00,20/07/2022,LNG Stock Level,9292.3412,20/07/2022 15:56,,
19/07/2022 15:00,19/07/2022,LNG Stock Level,9364.0261,19/07/2022 15:56,,
18/07/2022 15:00,18/07/2022,LNG Stock Level,9017.3859,18/07/2022 15:56,,
17/07/2022 15:00,17/07/2022,LNG Stock Level,9335.0407,17/07/2022 15:56,,
16/07/2022 15:00,16/07/2022,LNG Stock Level,9654.8994,16/07/2022 15:56,,
15/07/2022 15:00,15/07/2022,LNG Stock Level,9960.6638,15/07/2022 15:56,,
14/07/2022 15:00,14/07/2022,LNG Stock Level,9295.0563,14/07/2022 15:56,,
13/07/2022 15:00,13/07/2022,LNG Stock Level,9630.6588,13/07/2022 15:56,,
12/07/2022 15:00,12/07/2022,LNG Stock Level,9523.0872,12/07/2022 15:56,,
11/07/2022 15:00,11/07/2022,LNG Stock Level,9903.3917,11/07/2022 15:56,,
10/07/2022 15:00,10/07/2022,LNG Stock Level,8536.1108,10/07/2022 15:56,,
09/07/2022 15:00,09/07/2022,LNG Stock Level,8911.9117,09/07/2022 15:56,,
08/07/2022 15:00,08/07/2022,LNG Stock Level,9308.9131,08/07/2022 15:56,,
07/07/2022 15:00,07/07/2022,LNG Stock Level,9708.8612,07/07/2022 15:56,,
06/07/2022 15:00,06/07/2022,LNG Stock Level,10113.5134,06/07/2022 15:56,,
05/07/2022 15:00,05/07/2022,LNG Stock Level,8790.4407,05/07/2022 15:56,,
04/07/2022 15:00,04/07/2022,LNG Stock Level,9194.2887,04/07/2022 15:56,,
03/07/2022 15:00,03/07/2022,LNG Stock Level,9577.566,03/07/2022 15:56,,
02/07/2022 15:00,02/07/2022,LNG Stock Level,8172.9625,02/07/2022 15:56,,
01/07/2022 15:00,01/07/2022,LNG Stock Level,8681.1217,01/07/2022 15:56,,
30/06/2022 15:00,30/06/2022,LNG Stock Level,9231.8856,30/06/2022 15:56,,
29/06/2022 15:00,29/06/2022,LNG Stock Level,9763.0994,29/06/2022 15:56,,
28/06/2022 15:00,28/06/2022,LNG Stock Level,10209.6704,28/06/2022 15:56,,
27/06/2022 15:00,27/06/2022,LNG Stock Level,10613.3021,27/06/2022 15:56,,
27/06/2022 15:00,26/06/2022,LNG Stock Level,10923.0327,27/06/2022 15:56,,
25/06/2022 15:00,25/06/2022,LNG Stock Level,10464.6524,25/06/2022 15:56,,
24/06/2022 15:00,24/06/2022,LNG Stock Level,9108.4175,24/06/2022 15:56,,
23/06/2022 15:00,23/06/2022,LNG Stock Level,9180.642,23/06/2022 15:56,,
22/06/2022 15:00,22/06/2022,LNG Stock Level,7865.6293,22/06/2022 15:56,,
21/06/2022 15:00,21/06/2022,LNG Stock Level,7691.0862,21/06/2022 15:56,,
20/06/2022 15:00,20/06/2022,LNG Stock Level,8134.2576,20/06/2022 15:56,,
19/06/2022 15:00,19/06/2022,LNG Stock Level,8492.9141,19/06/2022 15:56,,
18/06/2022 15:00,18/06/2022,LNG Stock Level,8418.6932,18/06/2022 15:56,,
17/06/2022 15:00,17/06/2022,LNG Stock Level,6282.0651,17/06/2022 15:56,,
16/06/2022 15:00,16/06/2022,LNG Stock Level,6783.5184,16/06/2022 15:56,,
15/06/2022 15:00,15/06/2022,LNG Stock Level,7273.7123,15/06/2022 15:56,,
14/06/2022 15:00,14/06/2022,LNG Stock Level,7879.4585,14/06/2022 15:56,,
13/06/2022 15:00,13/06/2022,LNG Stock Level,8326.1319,13/06/2022 15:56,,
12/06/2022 15:00,12/06/2022,LNG Stock Level,8743.7124,12/06/2022 15:56,,
11/06/2022 15:00,11/06/2022,LNG Stock Level,7661.0546,11/06/2022 15:56,,
10/06/2022 15:00,10/06/2022,LNG Stock Level,8918.7508,10/06/2022 15:56,,
10/06/2022 15:00,09/06/2022,LNG Stock Level,7383.3519,10/06/2022 15:56,,
08/06/2022 15:00,08/06/2022,LNG Stock Level,7108.376,08/06/2022 15:56,,
07/06/2022 15:00,07/06/2022,LNG Stock Level,5772.8379,07/06/2022 15:56,,
06/06/2022 15:00,06/06/2022,LNG Stock Level,6448.9719,06/06/2022 15:56,,
05/06/2022 15:00,05/06/2022,LNG Stock Level,7033.7608,05/06/2022 15:56,,
04/06/2022 15:00,04/06/2022,LNG Stock Level,7635.4361,04/06/2022 15:56,,
03/06/2022 15:00,03/06/2022,LNG Stock Level,7244.1498,03/06/2022 15:56,,
02/06/2022 15:00,02/06/2022,LNG Stock Level,7230.9347,02/06/2022 15:56,,
01/06/2022 15:00,01/06/2022,LNG Stock Level,7928.01,01/06/2022 15:56,,
31/05/2022 15:00,31/05/2022,LNG Stock Level,6803.1579,31/05/2022 15:56,,
30/05/2022 15:00,30/05/2022,LNG Stock Level,7318.1375,30/05/2022 15:56,,
29/05/2022 15:00,29/05/2022,LNG Stock Level,7927.5436,29/05/2022 15:56,,
28/05/2022 15:00,28/05/2022,LNG Stock Level,8570.274,28/05/2022 15:56,,
27/05/2022 15:00,27/05/2022,LNG Stock Level,9179.5865,27/05/2022 15:56,,
26/05/2022 15:00,26/05/2022,LNG Stock Level,9686.8374,26/05/2022 15:56,,
25/05/2022 15:00,25/05/2022,LNG Stock Level,9007.0396,25/05/2022 15:56,,
24/05/2022 15:00,24/05/2022,LNG Stock Level,9119.6614,24/05/2022 15:56,,
23/05/2022 15:00,23/05/2022,LNG Stock Level,8812.7333,23/05/2022 15:56,,
22/05/2022 15:00,22/05/2022,LNG Stock Level,9358.1928,22/05/2022 15:56,,
21/05/2022 15:00,21/05/2022,LNG Stock Level,9933.8324,21/05/2022 15:56,,
23/05/2022 15:00,20/05/2022,LNG Stock Level,9500.7331,23/05/2022 15:56,,
19/05/2022 15:00,19/05/2022,LNG Stock Level,10008.0621,19/05/2022 15:56,,
18/05/2022 15:00,18/05/2022,LNG Stock Level,10505.5036,18/05/2022 15:56,,
17/05/2022 15:00,17/05/2022,LNG Stock Level,10111.0825,17/05/2022 15:56,,
16/05/2022 15:00,16/05/2022,LNG Stock Level,10469.3672,16/05/2022 15:56,,
15/05/2022 15:00,15/05/2022,LNG Stock Level,10991.6368,15/05/2022 15:56,,
14/05/2022 15:00,14/05/2022,LNG Stock Level,10413.4284,14/05/2022 15:56,,
13/05/2022 15:00,13/05/2022,LNG Stock Level,10789.2202,13/05/2022 15:56,,
12/05/2022 15:00,12/05/2022,LNG Stock Level,8958.1062,12/05/2022 15:56,,
11/05/2022 15:00,11/05/2022,LNG Stock Level,9490.1032,11/05/2022 15:56,,
10/05/2022 15:00,10/05/2022,LNG Stock Level,10101.4935,10/05/2022 15:56,,
09/05/2022 15:00,09/05/2022,LNG Stock Level,10787.8993,09/05/2022 15:56,,
08/05/2022 15:00,08/05/2022,LNG Stock Level,8656.5772,08/05/2022 15:56,,
07/05/2022 15:00,07/05/2022,LNG Stock Level,8545.5777,07/05/2022 15:56,,
06/05/2022 15:00,06/05/2022,LNG Stock Level,8419.5201,06/05/2022 15:56,,
05/05/2022 15:00,05/05/2022,LNG Stock Level,8613.0936,05/05/2022 15:56,,
04/05/2022 15:00,04/05/2022,LNG Stock Level,7266.1904,04/05/2022 15:56,,
03/05/2022 15:00,03/05/2022,LNG Stock Level,7646.756,03/05/2022 15:56,,
02/05/2022 15:00,02/05/2022,LNG Stock Level,6393.0231,02/05/2022 15:56,,
01/05/2022 15:00,01/05/2022,LNG Stock Level,6632.9097,01/05/2022 15:56,,
30/04/2022 15:00,30/04/2022,LNG Stock Level,5736.3787,30/04/2022 15:56,,
29/04/2022 15:00,29/04/2022,LNG Stock Level,5846.8537,29/04/2022 15:56,,
28/04/2022 15:00,28/04/2022,LNG Stock Level,6957.0022,28/04/2022 15:56,,
27/04/2022 15:00,27/04/2022,LNG Stock Level,7271.9691,27/04/2022 15:56,,
26/04/2022 15:00,26/04/2022,LNG Stock Level,8041.7869,26/04/2022 15:56,,
25/04/2022 15:00,25/04/2022,LNG Stock Level,8733.5967,25/04/2022 15:56,,
24/04/2022 15:00,24/04/2022,LNG Stock Level,9591.1652,24/04/2022 15:56,,
23/04/2022 15:00,23/04/2022,LNG Stock Level,8846.7013,23/04/2022 15:56,,
22/04/2022 15:00,22/04/2022,LNG Stock Level,7812.0842,22/04/2022 15:56,,
21/04/2022 15:00,21/04/2022,LNG Stock Level,7270.2026,21/04/2022 15:56,,
20/04/2022 15:00,20/04/2022,LNG Stock Level,8048.7979,20/04/2022 15:56,,
19/04/2022 15:00,19/04/2022,LNG Stock Level,6657.7351,19/04/2022 15:56,,
18/04/2022 15:00,18/04/2022,LNG Stock Level,6592.2312,18/04/2022 15:56,,
17/04/2022 15:00,17/04/2022,LNG Stock Level,5588.3926,17/04/2022 15:56,,
16/04/2022 15:00,16/04/2022,LNG Stock Level,5033.3128,16/04/2022 15:56,,
15/04/2022 15:00,15/04/2022,LNG Stock Level,4947.2195,15/04/2022 15:56,,
14/04/2022 15:00,14/04/2022,LNG Stock Level,5882.8604,14/04/2022 15:56,,
13/04/2022 15:00,13/04/2022,LNG Stock Level,7106.4177,13/04/2022 15:56,,
12/04/2022 15:00,12/04/2022,LNG Stock Level,6758.4752,12/04/2022 15:56,,
11/04/2022 15:00,11/04/2022,LNG Stock Level,7344.887,11/04/2022 15:56,,
10/04/2022 15:00,10/04/2022,LNG Stock Level,6773.3049,10/04/2022 15:56,,
09/04/2022 15:00,09/04/2022,LNG Stock Level,7045.7817,09/04/2022 15:56,,
08/04/2022 15:00,08/04/2022,LNG Stock Level,6713.0218,08/04/2022 15:56,,
07/04/2022 15:00,07/04/2022,LNG Stock Level,7372.8585,07/04/2022 15:56,,
06/04/2022 15:00,06/04/2022,LNG Stock Level,7004.1412,06/04/2022 15:56,,
05/04/2022 15:00,05/04/2022,LNG Stock Level,6995.0172,05/04/2022 15:56,,
04/04/2022 15:00,04/04/2022,LNG Stock Level,6531.4182,04/04/2022 15:56,,
03/04/2022 15:00,03/04/2022,LNG Stock Level,6385.4358,03/04/2022 15:56,,
02/04/2022 15:00,02/04/2022,LNG Stock Level,7523.7755,02/04/2022 15:56,,
01/04/2022 15:00,01/04/2022,LNG Stock Level,7907.5006,01/04/2022 15:56,,
31/03/2022 15:00,31/03/2022,LNG Stock Level,9418.1175,31/03/2022 15:56,,
30/03/2022 15:00,30/03/2022,LNG Stock Level,8898.5154,30/03/2022 15:56,,
29/03/2022 15:00,29/03/2022,LNG Stock Level,7898.6656,29/03/2022 15:56,,
28/03/2022 15:00,28/03/2022,LNG Stock Level,8778.1306,28/03/2022 15:56,,
27/03/2022 15:00,27/03/2022,LNG Stock Level,8400.4588,27/03/2022 15:56,,
26/03/2022 15:00,26/03/2022,LNG Stock Level,8398.3505,26/03/2022 15:56,,
25/03/2022 15:00,25/03/2022,LNG Stock Level,6829.6831,25/03/2022 15:56,,
24/03/2022 15:00,24/03/2022,LNG Stock Level,6628.7272,24/03/2022 15:56,,
24/03/2022 15:00,23/03/2022,LNG Stock Level,7364.7225,24/03/2022 15:56,,
22/03/2022 15:00,22/03/2022,LNG Stock Level,7244.7549,22/03/2022 15:56,,
21/03/2022 15:00,21/03/2022,LNG Stock Level,7484.6257,21/03/2022 15:56,,
20/03/2022 15:00,20/03/2022,LNG Stock Level,8183.2552,20/03/2022 15:56,,
19/03/2022 15:00,19/03/2022,LNG Stock Level,8430.9254,19/03/2022 15:56,,
18/03/2022 15:00,18/03/2022,LNG Stock Level,7737.569,18/03/2022 15:56,,
17/03/2022 15:00,17/03/2022,LNG Stock Level,6351.098,17/03/2022 15:56,,
16/03/2022 15:00,16/03/2022,LNG Stock Level,5188.3943,16/03/2022 15:56,,
15/03/2022 15:00,15/03/2022,LNG Stock Level,5812.1115,15/03/2022 15:56,,
14/03/2022 15:00,14/03/2022,LNG Stock Level,6564.2314,14/03/2022 15:56,,
13/03/2022 15:00,13/03/2022,LNG Stock Level,7103.735,13/03/2022 15:56,,
12/03/2022 15:00,12/03/2022,LNG Stock Level,6527.6439,12/03/2022 15:56,,
11/03/2022 15:00,11/03/2022,LNG Stock Level,6813.4202,11/03/2022 15:56,,
10/03/2022 15:00,10/03/2022,LNG Stock Level,6402.7953,10/03/2022 15:56,,
09/03/2022 15:00,09/03/2022,LNG Stock Level,6398.1451,09/03/2022 15:56,,
08/03/2022 15:00,08/03/2022,LNG Stock Level,6725.5416,08/03/2022 15:56,,
07/03/2022 15:00,07/03/2022,LNG Stock Level,7413.3857,07/03/2022 15:56,,
06/03/2022 15:00,06/03/2022,LNG Stock Level,6791.3713,06/03/2022 15:56,,
05/03/2022 15:00,05/03/2022,LNG Stock Level,6376.3589,05/03/2022 15:56,,
04/03/2022 15:00,04/03/2022,LNG Stock Level,7196.3252,04/03/2022 15:56,,
03/03/2022 15:00,03/03/2022,LNG Stock Level,6922.9152,03/03/2022 15:56,,
02/03/2022 15:00,02/03/2022,LNG Stock Level,7573.93,02/03/2022 15:56,,
01/03/2022 15:00,01/03/2022,LNG Stock Level,7524.0387,01/03/2022 15:56,,
28/02/2022 15:00,28/02/2022,LNG Stock Level,7113.7031,28/02/2022 15:56,,
27/02/2022 15:00,27/02/2022,LNG Stock Level,6695.152,27/02/2022 15:56,,
26/02/2022 15:00,26/02/2022,LNG Stock Level,6563.2386,26/02/2022 15:56,,
25/02/2022 15:00,25/02/2022,LNG Stock Level,7442.7606,25/02/2022 15:56,,
24/02/2022 15:00,24/02/2022,LNG Stock Level,8258.4691,24/02/2022 15:56,,
23/02/2022 15:00,23/02/2022,LNG Stock Level,7688.3159,23/02/2022 15:56,,
22/02/2022 15:00,22/02/2022,LNG Stock Level,5488.0666,22/02/2022 15:56,,
21/02/2022 15:00,21/02/2022,LNG Stock Level,5972.3637,21/02/2022 15:56,,
20/02/2022 15:00,20/02/2022,LNG Stock Level,6238.7994,20/02/2022 15:56,,
19/02/2022 15:00,19/02/2022,LNG Stock Level,6021.878,19/02/2022 15:56,,
18/02/2022 15:00,18/02/2022,LNG Stock Level,6718.8915,18/02/2022 15:56,,
17/02/2022 15:00,17/02/2022,LNG Stock Level,7257.3539,17/02/2022 15:56,,
16/02/2022 15:00,16/02/2022,LNG Stock Level,7844.764,16/02/2022 15:56,,
15/02/2022 15:00,15/02/2022,LNG Stock Level,7387.3995,15/02/2022 15:56,,
14/02/2022 15:00,14/02/2022,LNG Stock Level,8098.5195,14/02/2022 15:56,,
13/02/2022 15:00,13/02/2022,LNG Stock Level,8952.3463,13/02/2022 15:56,,
12/02/2022 15:00,12/02/2022,LNG Stock Level,9893.0341,12/02/2022 15:56,,
11/02/2022 15:00,11/02/2022,LNG Stock Level,8237.0697,11/02/2022 15:56,,
10/02/2022 15:00,10/02/2022,LNG Stock Level,7986.3877,10/02/2022 15:56,,
09/02/2022 15:00,09/02/2022,LNG Stock Level,8770.3453,09/02/2022 15:56,,
08/02/2022 15:00,08/02/2022,LNG Stock Level,8699.1097,08/02/2022 15:56,,
07/02/2022 15:00,07/02/2022,LNG Stock Level,5916.8606,07/02/2022 15:56,,
06/02/2022 15:00,06/02/2022,LNG Stock Level,6711.7367,06/02/2022 15:56,,
05/02/2022 15:00,05/02/2022,LNG Stock Level,7664.8253,05/02/2022 15:56,,
04/02/2022 15:00,04/02/2022,LNG Stock Level,8649.9813,04/02/2022 15:56,,
03/02/2022 15:00,03/02/2022,LNG Stock Level,8511.2771,03/02/2022 15:56,,
02/02/2022 15:00,02/02/2022,LNG Stock Level,8410.917,02/02/2022 15:56,,
01/02/2022 15:00,01/02/2022,LNG Stock Level,8390.3034,01/02/2022 15:56,,
31/01/2022 15:00,31/01/2022,LNG Stock Level,8931.732,31/01/2022 15:56,,
30/01/2022 15:00,30/01/2022,LNG Stock Level,8555.1446,30/01/2022 15:56,,
29/01/2022 15:00,29/01/2022,LNG Stock Level,8381.4923,29/01/2022 15:56,,
28/01/2022 15:00,28/01/2022,LNG Stock Level,7823.3208,28/01/2022 15:56,,
27/01/2022 15:00,27/01/2022,LNG Stock Level,7926.7132,27/01/2022 15:56,,
26/01/2022 15:00,26/01/2022,LNG Stock Level,7679.5875,26/01/2022 15:56,,
25/01/2022 15:00,25/01/2022,LNG Stock Level,8112.8699,25/01/2022 15:56,,
24/01/2022 15:00,24/01/2022,LNG Stock Level,8251.3756,24/01/2022 15:56,,
23/01/2022 15:00,23/01/2022,LNG Stock Level,9200.0888,23/01/2022 15:56,,
22/01/2022 15:00,22/01/2022,LNG Stock Level,7522.18,22/01/2022 15:56,,
21/01/2022 15:00,21/01/2022,LNG Stock Level,7970.8049,21/01/2022 15:56,,
21/01/2022 15:00,20/01/2022,LNG Stock Level,7942.6851,21/01/2022 15:56,,
19/01/2022 15:00,19/01/2022,LNG Stock Level,7322.6386,19/01/2022 15:56,,
18/01/2022 15:00,18/01/2022,LNG Stock Level,6112.085,18/01/2022 15:56,,
17/01/2022 15:00,17/01/2022,LNG Stock Level,6662.1199,17/01/2022 15:56,,
16/01/2022 15:00,16/01/2022,LNG Stock Level,6450.3916,16/01/2022 15:56,,
15/01/2022 15:00,15/01/2022,LNG Stock Level,6563.6426,15/01/2022 15:56,,
14/01/2022 15:00,14/01/2022,LNG Stock Level,6256.3206,14/01/2022 15:56,,
13/01/2022 15:00,13/01/2022,LNG Stock Level,6522.0638,13/01/2022 15:56,,
12/01/2022 15:00,12/01/2022,LNG Stock Level,7053.0881,12/01/2022 15:56,,
11/01/2022 15:00,11/01/2022,LNG Stock Level,6574.2283,11/01/2022 15:56,,
10/01/2022 15:00,10/01/2022,LNG Stock Level,7078.8563,10/01/2022 15:56,,
09/01/2022 15:00,09/01/2022,LNG Stock Level,7883.1602,09/01/2022 15:56,,
08/01/2022 15:00,08/01/2022,LNG Stock Level,6593.2556,08/01/2022 15:56,,
07/01/2022 15:00,07/01/2022,LNG Stock Level,7421.3458,07/01/2022 15:56,,
06/01/2022 15:00,06/01/2022,LNG Stock Level,7120.2884,06/01/2022 15:56,,
05/01/2022 15:00,05/01/2022,LNG Stock Level,6318.1597,05/01/2022 15:56,,
04/01/2022 15:00,04/01/2022,LNG Stock Level,6302.4094,04/01/2022 15:56,,
03/01/2022 15:00,03/01/2022,LNG Stock Level,6623.3176,03/01/2022 15:56,,
02/01/2022 15:00,02/01/2022,LNG Stock Level,6641.0422,02/01/2022 15:56,,
01/01/2022 15:00,01/01/2022,LNG Stock Level,7352.4228,01/01/2022 15:56,,
31/12/2021 15:00,31/12/2021,LNG Stock Level,7927.3534,31/12/2021 15:56,,
30/12/2021 15:00,30/12/2021,LNG Stock Level,8441.7824,30/12/2021 15:56,,
29/12/2021 15:00,29/12/2021,LNG Stock Level,9164.3445,29/12/2021 15:56,,
28/12/2021 15:00,28/12/2021,LNG Stock Level,8372.105,28/12/2021 15:56,,
27/12/2021 15:00,27/12/2021,LNG Stock Level,8425.1074,27/12/2021 15:56,,
26/12/2021 15:00,26/12/2021,LNG Stock Level,7955.0676,26/12/2021 15:56,,
25/12/2021 15:00,25/12/2021,LNG Stock Level,8474.3878,25/12/2021 15:56,,
24/12/2021 15:00,24/12/2021,LNG Stock Level,9068.7855,24/12/2021 15:56,,
23/12/2021 15:00,23/12/2021,LNG Stock Level,8682.1753,23/12/2021 15:56,,
22/12/2021 15:00,22/12/2021,LNG Stock Level,9395.1075,22/12/2021 15:56,,
21/12/2021 15:00,21/12/2021,LNG Stock Level,8979.9211,21/12/2021 15:56,,
20/12/2021 15:00,20/12/2021,LNG Stock Level,9704.95,20/12/2021 15:56,,
19/12/2021 15:00,19/12/2021,LNG Stock Level,10299.3508,19/12/2021 15:56,,
18/12/2021 15:00,18/12/2021,LNG Stock Level,9822.9374,18/12/2021 15:56,,
17/12/2021 15:00,17/12/2021,LNG Stock Level,10236.0065,17/12/2021 15:56,,
16/12/2021 15:00,16/12/2021,LNG Stock Level,9883.3259,16/12/2021 15:56,,
15/12/2021 15:00,15/12/2021,LNG Stock Level,8866.5556,15/12/2021 15:56,,
14/12/2021 15:00,14/12/2021,LNG Stock Level,7994.4141,14/12/2021 15:56,,
13/12/2021 15:00,13/12/2021,LNG Stock Level,7797.4719,13/12/2021 15:56,,
12/12/2021 15:00,12/12/2021,LNG Stock Level,8073.4807,12/12/2021 15:56,,
11/12/2021 15:00,11/12/2021,LNG Stock Level,7184.3829,11/12/2021 15:56,,
10/12/2021 15:00,10/12/2021,LNG Stock Level,8256.1925,10/12/2021 15:56,,
09/12/2021 15:00,09/12/2021,LNG Stock Level,8109.382,09/12/2021 15:56,,
08/12/2021 15:00,08/12/2021,LNG Stock Level,8928.7316,08/12/2021 15:56,,
07/12/2021 15:00,07/12/2021,LNG Stock Level,9949.1516,07/12/2021 15:56,,
06/12/2021 15:00,06/12/2021,LNG Stock Level,9779.0428,06/12/2021 15:56,,
05/12/2021 15:00,05/12/2021,LNG Stock Level,9208.499,05/12/2021 15:56,,
04/12/2021 15:00,04/12/2021,LNG Stock Level,10023.5187,04/12/2021 15:56,,
03/12/2021 15:00,03/12/2021,LNG Stock Level,10885.2388,03/12/2021 15:56,,
02/12/2021 15:00,02/12/2021,LNG Stock Level,10909.2183,02/12/2021 15:56,,
01/12/2021 15:00,01/12/2021,LNG Stock Level,11429.5775,01/12/2021 15:56,,
30/11/2021 15:00,30/11/2021,LNG Stock Level,10264.8025,30/11/2021 15:56,,
29/11/2021 15:00,29/11/2021,LNG Stock Level,11089.7625,29/11/2021 15:56,,
28/11/2021 15:00,28/11/2021,LNG Stock Level,11732.2293,28/11/2021 15:56,,
27/11/2021 15:00,27/11/2021,LNG Stock Level,11435.2275,27/11/2021 15:56,,
26/11/2021 15:00,26/11/2021,LNG Stock Level,11960.0901,26/11/2021 15:56,,
25/11/2021 15:00,25/11/2021,LNG Stock Level,11772.7111,25/11/2021 15:56,,
24/11/2021 15:00,24/11/2021,LNG Stock Level,11202.7188,24/11/2021 15:56,,
24/11/2021 15:00,23/11/2021,LNG Stock Level,12081.8327,24/11/2021 15:56,,
22/11/2021 15:00,22/11/2021,LNG Stock Level,12926.1016,22/11/2021 15:56,,
21/11/2021 15:00,21/11/2021,LNG Stock Level,11396.4234,21/11/2021 15:56,,
20/11/2021 15:00,20/11/2021,LNG Stock Level,11386.6854,20/11/2021 15:56,,
19/11/2021 15:00,19/11/2021,LNG Stock Level,10847.6892,19/11/2021 15:56,,
18/11/2021 15:00,18/11/2021,LNG Stock Level,11270.4707,18/11/2021 15:56,,
17/11/2021 15:00,17/11/2021,LNG Stock Level,10127.7903,17/11/2021 15:56,,
16/11/2021 15:00,16/11/2021,LNG Stock Level,10175.1798,16/11/2021 15:56,,
15/11/2021 15:00,15/11/2021,LNG Stock Level,9837.143,15/11/2021 15:56,,
14/11/2021 15:00,14/11/2021,LNG Stock Level,9272.2673,14/11/2021 15:56,,
13/11/2021 15:00,13/11/2021,LNG Stock Level,8069.055,13/11/2021 15:56,,
12/11/2021 15:00,12/11/2021,LNG Stock Level,8658.8377,12/11/2021 15:56,,
11/11/2021 15:00,11/11/2021,LNG Stock Level,9332.5719,11/11/2021 15:56,,
11/11/2021 15:00,10/11/2021,LNG Stock Level,9978.4049,11/11/2021 15:56,,
09/11/2021 15:00,09/11/2021,LNG Stock Level,10418.9914,09/11/2021 15:56,,
08/11/2021 15:00,08/11/2021,LNG Stock Level,10951.1081,08/11/2021 15:56,,
07/11/2021 15:00,07/11/2021,LNG Stock Level,11455.7071,07/11/2021 15:56,,
06/11/2021 15:00,06/11/2021,LNG Stock Level,11026.8865,06/11/2021 15:56,,
05/11/2021 15:00,05/11/2021,LNG Stock Level,10182.6818,05/11/2021 15:56,,
04/11/2021 15:00,04/11/2021,LNG Stock Level,10649.2481,04/11/2021 15:56,,
03/11/2021 15:00,03/11/2021,LNG Stock Level,9553.8668,03/11/2021 15:56,,
02/11/2021 15:00,02/11/2021,LNG Stock Level,10105.6513,02/11/2021 15:56,,
01/11/2021 15:00,01/11/2021,LNG Stock Level,10560.7457,01/11/2021 15:56,,
31/10/2021 15:00,31/10/2021,LNG Stock Level,10090.5175,31/10/2021 15:56,,
30/10/2021 15:00,30/10/2021,LNG Stock Level,10259.4227,30/10/2021 15:56,,
29/10/2021 15:00,29/10/2021,LNG Stock Level,9663.3297,29/10/2021 15:56,,
28/10/2021 15:00,28/10/2021,LNG Stock Level,9978.2518,28/10/2021 15:56,,
27/10/2021 15:00,27/10/2021,LNG Stock Level,10522.9142,27/10/2021 15:56,,
26/10/2021 15:00,26/10/2021,LNG Stock Level,10783.783,26/10/2021 15:56,,
25/10/2021 15:00,25/10/2021,LNG Stock Level,9571.3006,25/10/2021 15:56,,
24/10/2021 15:00,24/10/2021,LNG Stock Level,9849.3165,24/10/2021 15:56,,
23/10/2021 15:00,23/10/2021,LNG Stock Level,10208.4559,23/10/2021 15:56,,
22/10/2021 15:00,22/10/2021,LNG Stock Level,10660.0563,22/10/2021 15:56,,
21/10/2021 15:00,21/10/2021,LNG Stock Level,9841.7249,21/10/2021 15:56,,
20/10/2021 15:00,20/10/2021,LNG Stock Level,9725.5293,20/10/2021 15:56,,
19/10/2021 15:00,19/10/2021,LNG Stock Level,9896.4644,19/10/2021 15:56,,
18/10/2021 15:00,18/10/2021,LNG Stock Level,9431.8048,18/10/2021 15:56,,
17/10/2021 15:00,17/10/2021,LNG Stock Level,9216.8351,17/10/2021 15:56,,
16/10/2021 15:00,16/10/2021,LNG Stock Level,9481.0007,16/10/2021 15:56,,
15/10/2021 15:00,15/10/2021,LNG Stock Level,9838.3241,15/10/2021 15:56,,
14/10/2021 15:00,14/10/2021,LNG Stock Level,8432.441,14/10/2021 15:56,,
13/10/2021 15:00,13/10/2021,LNG Stock Level,8592.833,13/10/2021 15:56,,
12/10/2021 15:00,12/10/2021,LNG Stock Level,9032.2839,12/10/2021 15:56,,
11/10/2021 15:00,11/10/2021,LNG Stock Level,9327.2324,11/10/2021 15:56,,
10/10/2021 15:00,10/10/2021,LNG Stock Level,9472.316,10/10/2021 15:56,,
09/10/2021 15:00,09/10/2021,LNG Stock Level,9611.2207,09/10/2021 15:56,,
08/10/2021 15:00,08/10/2021,LNG Stock Level,9759.806,08/10/2021 15:56,,
07/10/2021 15:00,07/10/2021,LNG Stock Level,9931.5757,07/10/2021 15:56,,
06/10/2021 15:00,06/10/2021,LNG Stock Level,8338.8705,06/10/2021 15:56,,
05/10/2021 15:00,05/10/2021,LNG Stock Level,8105.1865,05/10/2021 15:56,,
04/10/2021 15:00,04/10/2021,LNG Stock Level,7761.9872,04/10/2021 15:56,,
03/10/2021 15:00,03/10/2021,LNG Stock Level,7812.6588,03/10/2021 15:56,,
02/10/2021 15:00,02/10/2021,LNG Stock Level,8522.6522,02/10/2021 15:56,,
01/10/2021 15:00,01/10/2021,LNG Stock Level,8070.0851,01/10/2021 15:56,,
30/09/2021 15:00,30/09/2021,LNG Stock Level,7139.3791,30/09/2021 15:56,,
29/09/2021 15:00,29/09/2021,LNG Stock Level,6456.2859,29/09/2021 15:56,,
28/09/2021 15:00,28/09/2021,LNG Stock Level,6588.2515,28/09/2021 15:56,,
27/09/2021 15:00,27/09/2021,LNG Stock Level,6718.3019,27/09/2021 15:56,,
26/09/2021 15:00,26/09/2021,LNG Stock Level,6834.9933,26/09/2021 15:56,,
25/09/2021 15:00,25/09/2021,LNG Stock Level,6951.6692,25/09/2021 15:56,,
24/09/2021 15:00,24/09/2021,LNG Stock Level,7080.0659,24/09/2021 15:56,,
23/09/2021 15:00,23/09/2021,LNG Stock Level,7173.4009,23/09/2021 15:56,,
22/09/2021 15:00,22/09/2021,LNG Stock Level,6348.469,22/09/2021 15:56,,
21/09/2021 15:00,21/09/2021,LNG Stock Level,6188.5834,21/09/2021 15:56,,
20/09/2021 15:00,20/09/2021,LNG Stock Level,6279.0283,20/09/2021 15:56,,
19/09/2021 15:00,19/09/2021,LNG Stock Level,6368.647,19/09/2021 15:56,,
18/09/2021 15:00,18/09/2021,LNG Stock Level,6457.4519,18/09/2021 15:56,,
17/09/2021 15:00,17/09/2021,LNG Stock Level,6548.0415,17/09/2021 15:56,,
16/09/2021 15:00,16/09/2021,LNG Stock Level,6651.1668,16/09/2021 15:56,,
15/09/2021 15:00,15/09/2021,LNG Stock Level,6776.9041,15/09/2021 15:56,,
14/09/2021 15:00,14/09/2021,LNG Stock Level,6948.0464,14/09/2021 15:56,,
13/09/2021 15:00,13/09/2021,LNG Stock Level,7065.2903,13/09/2021 15:56,,
12/09/2021 15:00,12/09/2021,LNG Stock Level,7178.4172,12/09/2021 15:56,,
11/09/2021 15:00,11/09/2021,LNG Stock Level,7311.4326,11/09/2021 15:56,,
10/09/2021 15:00,10/09/2021,LNG Stock Level,5696.1953,10/09/2021 15:56,,
09/09/2021 15:00,09/09/2021,LNG Stock Level,5841.6547,09/09/2021 15:56,,
08/09/2021 15:00,08/09/2021,LNG Stock Level,5934.7538,08/09/2021 15:56,,
07/09/2021 15:00,07/09/2021,LNG Stock Level,6023.5248,07/09/2021 15:56,,
06/09/2021 15:00,06/09/2021,LNG Stock Level,6113.8943,06/09/2021 15:56,,
05/09/2021 15:00,05/09/2021,LNG Stock Level,6201.7407,05/09/2021 15:56,,
04/09/2021 15:00,04/09/2021,LNG Stock Level,6290.489,04/09/2021 15:56,,
03/09/2021 15:00,03/09/2021,LNG Stock Level,6379.8381,03/09/2021 15:56,,
02/09/2021 15:00,02/09/2021,LNG Stock Level,6490.2979,02/09/2021 15:56,,
01/09/2021 15:00,01/09/2021,LNG Stock Level,6614.6508,01/09/2021 15:56,,
31/08/2021 15:00,31/08/2021,LNG Stock Level,6739.39,31/08/2021 15:56,,
30/08/2021 15:00,30/08/2021,LNG Stock Level,6863.8108,30/08/2021 15:56,,
29/08/2021 15:00,29/08/2021,LNG Stock Level,6981.9764,29/08/2021 15:56,,
28/08/2021 15:00,28/08/2021,LNG Stock Level,7100.3742,28/08/2021 15:56,,
27/08/2021 15:00,27/08/2021,LNG Stock Level,7155.3717,27/08/2021 15:56,,
26/08/2021 15:00,26/08/2021,LNG Stock Level,7245.4645,26/08/2021 15:56,,
25/08/2021 15:00,25/08/2021,LNG Stock Level,7334.6282,25/08/2021 15:56,,
24/08/2021 15:00,24/08/2021,LNG Stock Level,7423.2608,24/08/2021 15:56,,
23/08/2021 15:00,23/08/2021,LNG Stock Level,7787.0787,23/08/2021 15:56,,
22/08/2021 15:00,22/08/2021,LNG Stock Level,7439.496,22/08/2021 15:56,,
21/08/2021 15:00,21/08/2021,LNG Stock Level,7591.2948,21/08/2021 15:56,,
20/08/2021 15:00,20/08/2021,LNG Stock Level,7720.5084,20/08/2021 15:56,,
19/08/2021 15:00,19/08/2021,LNG Stock Level,7786.5592,19/08/2021 15:56,,
18/08/2021 15:00,18/08/2021,LNG Stock Level,7912.9315,18/08/2021 15:56,,
17/08/2021 15:00,17/08/2021,LNG Stock Level,8048.5935,17/08/2021 15:56,,
16/08/2021 15:00,16/08/2021,LNG Stock Level,8136.2738,16/08/2021 15:56,,
15/08/2021 15:00,15/08/2021,LNG Stock Level,8058.7867,15/08/2021 15:56,,
14/08/2021 15:00,14/08/2021,LNG Stock Level,6960.7091,14/08/2021 15:56,,
13/08/2021 15:00,13/08/2021,LNG Stock Level,7067.0457,13/08/2021 15:56,,
12/08/2021 15:00,12/08/2021,LNG Stock Level,7157.4681,12/08/2021 15:56,,
11/08/2021 15:00,11/08/2021,LNG Stock Level,7253.5321,11/08/2021 15:56,,
10/08/2021 15:00,10/08/2021,LNG Stock Level,7346.8169,10/08/2021 15:56,,
09/08/2021 15:00,09/08/2021,LNG Stock Level,7433.9313,09/08/2021 15:56,,
08/08/2021 15:00,08/08/2021,LNG Stock Level,7520.974,08/08/2021 15:56,,
07/08/2021 15:00,07/08/2021,LNG Stock Level,7610.4547,07/08/2021 15:56,,
06/08/2021 15:00,06/08/2021,LNG Stock Level,7699.0092,06/08/2021 15:56,,
05/08/2021 15:00,05/08/2021,LNG Stock Level,7791.262,05/08/2021 15:56,,
04/08/2021 15:00,04/08/2021,LNG Stock Level,7878.9355,04/08/2021 15:56,,
03/08/2021 15:00,03/08/2021,LNG Stock Level,7968.3178,03/08/2021 15:56,,
02/08/2021 15:00,02/08/2021,LNG Stock Level,8058.3103,02/08/2021 15:56,,
01/08/2021 15:00,01/08/2021,LNG Stock Level,8146.672,01/08/2021 15:56,,
31/07/2021 15:00,31/07/2021,LNG Stock Level,8234.0122,31/07/2021 15:56,,
30/07/2021 15:00,30/07/2021,LNG Stock Level,8323.1588,30/07/2021 15:56,,
29/07/2021 15:00,29/07/2021,LNG Stock Level,8411.2147,29/07/2021 15:56,,
28/07/2021 15:00,28/07/2021,LNG Stock Level,8501.6427,28/07/2021 15:56,,
27/07/2021 15:00,27/07/2021,LNG Stock Level,8592.4457,27/07/2021 15:56,,
26/07/2021 15:00,26/07/2021,LNG Stock Level,8687.6155,26/07/2021 15:56,,
25/07/2021 15:00,25/07/2021,LNG Stock Level,8791.8473,25/07/2021 15:56,,
24/07/2021 15:00,24/07/2021,LNG Stock Level,8886.0789,24/07/2021 15:56,,
23/07/2021 15:00,23/07/2021,LNG Stock Level,9007.5075,23/07/2021 15:56,,
22/07/2021 15:00,22/07/2021,LNG Stock Level,9033.4085,22/07/2021 15:56,,
21/07/2021 15:00,21/07/2021,LNG Stock Level,8913.1378,21/07/2021 15:56,,
20/07/2021 15:00,20/07/2021,LNG Stock Level,9230.7562,20/07/2021 15:56,,
19/07/2021 15:00,19/07/2021,LNG Stock Level,8029.4992,19/07/2021 15:56,,
18/07/2021 15:00,18/07/2021,LNG Stock Level,7704.3563,18/07/2021 15:56,,
17/07/2021 15:00,17/07/2021,LNG Stock Level,7812.7532,17/07/2021 15:56,,
16/07/2021 15:00,16/07/2021,LNG Stock Level,7918.2418,16/07/2021 15:56,,
15/07/2021 15:00,15/07/2021,LNG Stock Level,8010.8237,15/07/2021 15:56,,
14/07/2021 15:00,14/07/2021,LNG Stock Level,8100.5112,14/07/2021 15:56,,
13/07/2021 15:00,13/07/2021,LNG Stock Level,8170.0576,13/07/2021 15:56,,
12/07/2021 15:00,12/07/2021,LNG Stock Level,8259.9723,12/07/2021 15:56,,
11/07/2021 15:00,11/07/2021,LNG Stock Level,8349.894,11/07/2021 15:56,,
10/07/2021 15:00,10/07/2021,LNG Stock Level,6898.4284,10/07/2021 15:56,,
10/07/2021 15:00,09/07/2021,LNG Stock Level,8560.3716,10/07/2021 15:56,,
08/07/2021 15:00,08/07/2021,LNG Stock Level,8618.7822,08/07/2021 15:56,,
07/07/2021 15:00,07/07/2021,LNG Stock Level,8706.7852,07/07/2021 15:56,,
06/07/2021 15:00,06/07/2021,LNG Stock Level,8801.2946,06/07/2021 15:56,,
05/07/2021 15:00,05/07/2021,LNG Stock Level,8896.101,05/07/2021 15:56,,
04/07/2021 15:00,04/07/2021,LNG Stock Level,8985.102,04/07/2021 15:56,,
03/07/2021 15:00,03/07/2021,LNG Stock Level,9071.1342,03/07/2021 15:56,,
02/07/2021 15:00,02/07/2021,LNG Stock Level,9120.406,02/07/2021 15:56,,
01/07/2021 15:00,01/07/2021,LNG Stock Level,9234.8541,01/07/2021 15:56,,
30/06/2021 15:00,30/06/2021,LNG Stock Level,9536.6038,30/06/2021 15:56,,
29/06/2021 15:00,29/06/2021,LNG Stock Level,9846.7064,29/06/2021 15:56,,
28/06/2021 15:00,28/06/2021,LNG Stock Level,10146.9965,28/06/2021 15:56,,
27/06/2021 15:00,27/06/2021,LNG Stock Level,10451.3263,27/06/2021 15:56,,
26/06/2021 15:00,26/06/2021,LNG Stock Level,9036.0095,26/06/2021 15:56,,
25/06/2021 15:00,25/06/2021,LNG Stock Level,9316.0405,25/06/2021 15:56,,
24/06/2021 15:00,24/06/2021,LNG Stock Level,9661.4748,24/06/2021 15:56,,
23/06/2021 15:00,23/06/2021,LNG Stock Level,10034.0953,23/06/2021 15:56,,
22/06/2021 15:00,22/06/2021,LNG Stock Level,10410.1044,22/06/2021 15:56,,
21/06/2021 15:00,21/06/2021,LNG Stock Level,10537.7039,21/06/2021 15:56,,
20/06/2021 15:00,20/06/2021,LNG Stock Level,9780.5041,20/06/2021 15:56,,
19/06/2021 15:00,19/06/2021,LNG Stock Level,10161.7098,19/06/2021 15:56,,
18/06/2021 15:00,18/06/2021,LNG Stock Level,10660.7019,18/06/2021 15:56,,
17/06/2021 15:00,17/06/2021,LNG Stock Level,9410.8444,17/06/2021 15:56,,
16/06/2021 15:00,16/06/2021,LNG Stock Level,8575.41,16/06/2021 15:56,,
15/06/2021 15:00,15/06/2021,LNG Stock Level,8886.8982,15/06/2021 15:56,,
14/06/2021 15:00,14/06/2021,LNG Stock Level,9274.5371,14/06/2021 15:56,,
13/06/2021 15:00,13/06/2021,LNG Stock Level,9581.0386,13/06/2021 15:56,,
12/06/2021 15:00,12/06/2021,LNG Stock Level,9887.705,12/06/2021 15:56,,
11/06/2021 15:00,11/06/2021,LNG Stock Level,10193.27,11/06/2021 15:56,,
10/06/2021 15:00,10/06/2021,LNG Stock Level,9561.0281,10/06/2021 15:56,,
09/06/2021 15:00,09/06/2021,LNG Stock Level,9490.6626,09/06/2021 15:56,,
08/06/2021 15:00,08/06/2021,LNG Stock Level,7823.465,08/06/2021 15:56,,
07/06/2021 15:00,07/06/2021,LNG Stock Level,8336.8798,07/06/2021 15:56,,
06/06/2021 15:00,06/06/2021,LNG Stock Level,8014.4892,06/06/2021 15:56,,
05/06/2021 15:00,05/06/2021,LNG Stock Level,8338.7402,05/06/2021 15:56,,
04/06/2021 15:00,04/06/2021,LNG Stock Level,8908.0306,04/06/2021 15:56,,
03/06/2021 15:00,03/06/2021,LNG Stock Level,9546.8362,03/06/2021 15:56,,
02/06/2021 15:00,02/06/2021,LNG Stock Level,8496.8614,02/06/2021 15:56,,
01/06/2021 15:00,01/06/2021,LNG Stock Level,7980.5572,01/06/2021 15:56,,
31/05/2021 15:00,31/05/2021,LNG Stock Level,7538.7989,31/05/2021 15:56,,
30/05/2021 15:00,30/05/2021,LNG Stock Level,6378.2031,30/05/2021 15:56,,
29/05/2021 15:00,29/05/2021,LNG Stock Level,5786.7353,29/05/2021 15:56,,
28/05/2021 15:00,28/05/2021,LNG Stock Level,6802.5705,28/05/2021 15:56,,
27/05/2021 15:00,27/05/2021,LNG Stock Level,5937.5526,27/05/2021 15:56,,
26/05/2021 15:00,26/05/2021,LNG Stock Level,5987.8965,26/05/2021 15:56,,
25/05/2021 15:00,25/05/2021,LNG Stock Level,6191.8386,25/05/2021 15:56,,
24/05/2021 15:00,24/05/2021,LNG Stock Level,6809.1212,24/05/2021 15:56,,
23/05/2021 15:00,23/05/2021,LNG Stock Level,7239.3544,23/05/2021 15:56,,
22/05/2021 15:00,22/05/2021,LNG Stock Level,7023.627,22/05/2021 15:56,,
21/05/2021 15:00,21/05/2021,LNG Stock Level,7480.9833,21/05/2021 15:56,,
20/05/2021 15:00,20/05/2021,LNG Stock Level,7972.2281,20/05/2021 15:56,,
19/05/2021 15:00,19/05/2021,LNG Stock Level,8549.8207,19/05/2021 15:56,,
18/05/2021 15:00,18/05/2021,LNG Stock Level,8174.557,18/05/2021 15:56,,
17/05/2021 15:00,17/05/2021,LNG Stock Level,7716.1769,17/05/2021 15:56,,
16/05/2021 15:00,16/05/2021,LNG Stock Level,8165.3324,16/05/2021 15:56,,
15/05/2021 15:00,15/05/2021,LNG Stock Level,8601.5122,15/05/2021 15:56,,
14/05/2021 15:00,14/05/2021,LNG Stock Level,7652.1986,14/05/2021 15:56,,
13/05/2021 15:00,13/05/2021,LNG Stock Level,8042.1225,13/05/2021 15:56,,
12/05/2021 15:00,12/05/2021,LNG Stock Level,7629.8228,12/05/2021 15:56,,
11/05/2021 15:00,11/05/2021,LNG Stock Level,7844.3646,11/05/2021 15:56,,
10/05/2021 15:00,10/05/2021,LNG Stock Level,5725.4679,10/05/2021 15:56,,
09/05/2021 15:00,09/05/2021,LNG Stock Level,5729.0117,09/05/2021 15:56,,
08/05/2021 15:00,08/05/2021,LNG Stock Level,5115.8455,08/05/2021 15:56,,
07/05/2021 15:00,07/05/2021,LNG Stock Level,5593.9081,07/05/2021 15:56,,
06/05/2021 15:00,06/05/2021,LNG Stock Level,6074.5122,06/05/2021 15:56,,
05/05/2021 15:00,05/05/2021,LNG Stock Level,5344.4245,05/05/2021 15:56,,
04/05/2021 15:00,04/05/2021,LNG Stock Level,5228.9746,04/05/2021 15:56,,
03/05/2021 15:00,03/05/2021,LNG Stock Level,5741.9539,03/05/2021 15:56,,
02/05/2021 15:00,02/05/2021,LNG Stock Level,6324.0097,02/05/2021 15:56,,
01/05/2021 15:00,01/05/2021,LNG Stock Level,5200.9523,01/05/2021 15:56,,
30/04/2021 15:00,30/04/2021,LNG Stock Level,6396.2819,30/04/2021 15:56,,
29/04/2021 15:00,29/04/2021,LNG Stock Level,7021.9752,29/04/2021 15:56,,
28/04/2021 15:00,28/04/2021,LNG Stock Level,6733.8058,28/04/2021 15:56,,
27/04/2021 15:00,27/04/2021,LNG Stock Level,7533.2124,27/04/2021 15:56,,
26/04/2021 15:00,26/04/2021,LNG Stock Level,8348.1682,26/04/2021 15:56,,
25/04/2021 15:00,25/04/2021,LNG Stock Level,9038.2372,25/04/2021 15:56,,
24/04/2021 15:00,24/04/2021,LNG Stock Level,7572.5049,24/04/2021 15:56,,
23/04/2021 15:00,23/04/2021,LNG Stock Level,7777.1853,23/04/2021 15:56,,
22/04/2021 15:00,22/04/2021,LNG Stock Level,7507.3729,22/04/2021 15:56,,
21/04/2021 15:00,21/04/2021,LNG Stock Level,7467.9118,21/04/2021 15:56,,
20/04/2021 15:00,20/04/2021,LNG Stock Level,6320.3617,20/04/2021 15:56,,
19/04/2021 15:00,19/04/2021,LNG Stock Level,5283.6347,19/04/2021 15:56,,
18/04/2021 15:00,18/04/2021,LNG Stock Level,6197.6362,18/04/2021 15:56,,
17/04/2021 15:00,17/04/2021,LNG Stock Level,5979.1314,17/04/2021 15:56,,
16/04/2021 15:00,16/04/2021,LNG Stock Level,5439.1309,16/04/2021 15:56,,
15/04/2021 15:00,15/04/2021,LNG Stock Level,5182.1969,15/04/2021 15:56,,
14/04/2021 15:00,14/04/2021,LNG Stock Level,4453.4141,14/04/2021 15:56,,
13/04/2021 15:00,13/04/2021,LNG Stock Level,6006.4446,13/04/2021 15:56,,
12/04/2021 15:00,12/04/2021,LNG Stock Level,6576.95,12/04/2021 15:56,,
11/04/2021 15:00,11/04/2021,LNG Stock Level,6312.2896,11/04/2021 15:56,,
10/04/2021 15:00,10/04/2021,LNG Stock Level,5773.3237,10/04/2021 15:56,,
09/04/2021 15:00,09/04/2021,LNG Stock Level,5190.7062,09/04/2021 15:56,,
08/04/2021 15:00,08/04/2021,LNG Stock Level,4569.9077,08/04/2021 15:56,,
07/04/2021 15:00,07/04/2021,LNG Stock Level,4643.5529,07/04/2021 15:56,,
06/04/2021 15:00,06/04/2021,LNG Stock Level,5312.3878,06/04/2021 15:56,,
05/04/2021 15:00,05/04/2021,LNG Stock Level,5984.1448,05/04/2021 15:56,,
04/04/2021 15:00,04/04/2021,LNG Stock Level,6640.4411,04/04/2021 15:56,,
03/04/2021 15:00,03/04/2021,LNG Stock Level,7218.6993,03/04/2021 15:56,,
02/04/2021 15:00,02/04/2021,LNG Stock Level,7988.5442,02/04/2021 15:56,,
01/04/2021 15:00,01/04/2021,LNG Stock Level,8646.7569,01/04/2021 15:56,,
31/03/2021 15:00,31/03/2021,LNG Stock Level,9397.9117,31/03/2021 15:56,,
30/03/2021 15:00,30/03/2021,LNG Stock Level,8273.3042,30/03/2021 15:56,,
29/03/2021 15:00,29/03/2021,LNG Stock Level,8304.2737,29/03/2021 15:56,,
28/03/2021 15:00,28/03/2021,LNG Stock Level,8470.1457,28/03/2021 15:56,,
27/03/2021 15:00,27/03/2021,LNG Stock Level,8888.6044,27/03/2021 15:56,,
26/03/2021 15:00,26/03/2021,LNG Stock Level,8058.3805,26/03/2021 15:56,,
25/03/2021 15:00,25/03/2021,LNG Stock Level,8953.7955,25/03/2021 15:56,,
24/03/2021 15:00,24/03/2021,LNG Stock Level,9218.9636,24/03/2021 15:56,,
23/03/2021 15:00,23/03/2021,LNG Stock Level,7737.9548,23/03/2021 15:56,,
22/03/2021 15:00,22/03/2021,LNG Stock Level,8042.0398,22/03/2021 15:56,,
21/03/2021 15:00,21/03/2021,LNG Stock Level,7653.3205,21/03/2021 15:56,,
20/03/2021 15:00,20/03/2021,LNG Stock Level,8227.3885,20/03/2021 15:56,,
19/03/2021 15:00,19/03/2021,LNG Stock Level,6981.9938,19/03/2021 15:56,,
18/03/2021 15:00,18/03/2021,LNG Stock Level,7390.1511,18/03/2021 15:56,,
17/03/2021 15:00,17/03/2021,LNG Stock Level,7054.5263,17/03/2021 15:56,,
16/03/2021 15:00,16/03/2021,LNG Stock Level,5240.8317,16/03/2021 15:56,,
15/03/2021 15:00,15/03/2021,LNG Stock Level,4019.2278,15/03/2021 15:56,,
14/03/2021 15:00,14/03/2021,LNG Stock Level,3231.8365,14/03/2021 15:56,,
13/03/2021 15:00,13/03/2021,LNG Stock Level,3913.5302,13/03/2021 15:56,,
12/03/2021 15:00,12/03/2021,LNG Stock Level,4720.3572,12/03/2021 15:56,,
11/03/2021 15:00,11/03/2021,LNG Stock Level,5413.8049,11/03/2021 15:56,,
10/03/2021 15:00,10/03/2021,LNG Stock Level,5888.9739,10/03/2021 15:56,,
09/03/2021 15:00,09/03/2021,LNG Stock Level,5747.4655,09/03/2021 15:56,,
08/03/2021 15:00,08/03/2021,LNG Stock Level,4737.621,08/03/2021 15:56,,
07/03/2021 15:00,07/03/2021,LNG Stock Level,5172.4071,07/03/2021 15:56,,
06/03/2021 15:00,06/03/2021,LNG Stock Level,4209.127,06/03/2021 15:56,,
05/03/2021 15:00,05/03/2021,LNG Stock Level,5130.4749,05/03/2021 15:56,,
04/03/2021 15:00,04/03/2021,LNG Stock Level,4855.6913,04/03/2021 15:56,,
03/03/2021 15:00,03/03/2021,LNG Stock Level,5824.3411,03/03/2021 15:56,,
02/03/2021 15:00,02/03/2021,LNG Stock Level,5877.9715,02/03/2021 15:56,,
01/03/2021 15:00,01/03/2021,LNG Stock Level,6530.623,01/03/2021 15:56,,
28/02/2021 15:00,28/02/2021,LNG Stock Level,5720.9104,28/02/2021 15:56,,
27/02/2021 15:00,27/02/2021,LNG Stock Level,5690.3248,27/02/2021 15:56,,
26/02/2021 15:00,26/02/2021,LNG Stock Level,6253.3672,26/02/2021 15:56,,
25/02/2021 15:00,25/02/2021,LNG Stock Level,5033.4521,25/02/2021 15:56,,
24/02/2021 15:00,24/02/2021,LNG Stock Level,5727.8108,24/02/2021 15:56,,
23/02/2021 15:00,23/02/2021,LNG Stock Level,6369.5999,23/02/2021 15:56,,
22/02/2021 15:00,22/02/2021,LNG Stock Level,6678.5013,22/02/2021 15:56,,
21/02/2021 15:00,21/02/2021,LNG Stock Level,5121.7054,21/02/2021 15:56,,
20/02/2021 15:00,20/02/2021,LNG Stock Level,5625.7788,20/02/2021 15:56,,
19/02/2021 15:00,19/02/2021,LNG Stock Level,6140.7076,19/02/2021 15:56,,
18/02/2021 15:00,18/02/2021,LNG Stock Level,6842.99,18/02/2021 15:56,,
17/02/2021 15:00,17/02/2021,LNG Stock Level,4742.2911,17/02/2021 15:56,,
16/02/2021 15:00,16/02/2021,LNG Stock Level,5468.651,16/02/2021 15:56,,
15/02/2021 15:00,15/02/2021,LNG Stock Level,4246.1909,15/02/2021 15:56,,
14/02/2021 15:00,14/02/2021,LNG Stock Level,5376.5346,14/02/2021 15:56,,
13/02/2021 15:00,13/02/2021,LNG Stock Level,5713.2765,13/02/2021 15:56,,
12/02/2021 15:00,12/02/2021,LNG Stock Level,6173.2285,12/02/2021 15:56,,
11/02/2021 15:00,11/02/2021,LNG Stock Level,6842.9781,11/02/2021 15:56,,
10/02/2021 15:00,10/02/2021,LNG Stock Level,5694.3543,10/02/2021 15:56,,
09/02/2021 15:00,09/02/2021,LNG Stock Level,6581.511,09/02/2021 15:56,,
08/02/2021 15:00,08/02/2021,LNG Stock Level,7638.2625,08/02/2021 15:56,,
07/02/2021 15:00,07/02/2021,LNG Stock Level,7927.98,07/02/2021 15:56,,
06/02/2021 15:00,06/02/2021,LNG Stock Level,7780.3125,06/02/2021 15:56,,
05/02/2021 15:00,05/02/2021,LNG Stock Level,7146.9077,05/02/2021 15:56,,
04/02/2021 15:00,04/02/2021,LNG Stock Level,7581.0013,04/02/2021 15:56,,
03/02/2021 15:00,03/02/2021,LNG Stock Level,7387.8688,03/02/2021 15:56,,
02/02/2021 15:00,02/02/2021,LNG Stock Level,6980.6113,02/02/2021 15:56,,
01/02/2021 15:00,01/02/2021,LNG Stock Level,7533.8387,01/02/2021 15:56,,
31/01/2021 15:00,31/01/2021,LNG Stock Level,8040.5329,31/01/2021 15:56,,
30/01/2021 15:00,30/01/2021,LNG Stock Level,7270.3449,30/01/2021 15:56,,
29/01/2021 15:00,29/01/2021,LNG Stock Level,7568.4364,29/01/2021 15:56,,
28/01/2021 15:00,28/01/2021,LNG Stock Level,7887.5583,28/01/2021 15:56,,
27/01/2021 15:00,27/01/2021,LNG Stock Level,8225.5936,27/01/2021 15:56,,
26/01/2021 15:00,26/01/2021,LNG Stock Level,8724.0278,26/01/2021 15:56,,
25/01/2021 15:00,25/01/2021,LNG Stock Level,7323.0913,25/01/2021 15:56,,
24/01/2021 15:00,24/01/2021,LNG Stock Level,7801.8936,24/01/2021 15:56,,
23/01/2021 15:00,23/01/2021,LNG Stock Level,8268.215,23/01/2021 15:56,,
22/01/2021 15:00,22/01/2021,LNG Stock Level,7718.4034,22/01/2021 15:56,,
21/01/2021 15:00,21/01/2021,LNG Stock Level,7897.5132,21/01/2021 15:56,,
20/01/2021 15:00,20/01/2021,LNG Stock Level,8192.1033,20/01/2021 15:56,,
19/01/2021 15:00,19/01/2021,LNG Stock Level,8404.3521,19/01/2021 15:56,,
18/01/2021 15:00,18/01/2021,LNG Stock Level,8649.7149,18/01/2021 15:56,,
17/01/2021 15:00,17/01/2021,LNG Stock Level,8882.3448,17/01/2021 15:56,,
16/01/2021 15:00,16/01/2021,LNG Stock Level,9115.7265,16/01/2021 15:56,,
15/01/2021 15:00,15/01/2021,LNG Stock Level,9301.5046,15/01/2021 15:56,,
14/01/2021 15:00,14/01/2021,LNG Stock Level,9575.5138,14/01/2021 15:56,,
13/01/2021 15:00,13/01/2021,LNG Stock Level,9764.8206,13/01/2021 15:56,,
12/01/2021 15:00,12/01/2021,LNG Stock Level,9089.7747,12/01/2021 15:56,,
11/01/2021 15:00,11/01/2021,LNG Stock Level,9143.4725,11/01/2021 15:56,,
10/01/2021 15:00,10/01/2021,LNG Stock Level,9394.1915,10/01/2021 15:56,,
09/01/2021 15:00,09/01/2021,LNG Stock Level,9695.4072,09/01/2021 15:56,,
08/01/2021 15:00,08/01/2021,LNG Stock Level,10342.3066,08/01/2021 15:56,,
07/01/2021 15:00,07/01/2021,LNG Stock Level,10316.7271,07/01/2021 15:56,,
06/01/2021 15:00,06/01/2021,LNG Stock Level,10424.2002,06/01/2021 15:56,,
05/01/2021 15:00,05/01/2021,LNG Stock Level,10815.8883,05/01/2021 15:56,,
04/01/2021 15:00,04/01/2021,LNG Stock Level,11284.817,04/01/2021 15:56,,
03/01/2021 15:00,03/01/2021,LNG Stock Level,10473.0141,03/01/2021 15:56,,
02/01/2021 15:00,02/01/2021,LNG Stock Level,10626.3264,02/01/2021 15:56,,
01/01/2021 15:00,01/01/2021,LNG Stock Level,10062.2833,01/01/2021 15:56,,
